-- Seed Student Data for Teacher GV0001
-- Target: 25 students across 3 classes (6A: 10, 7B: 8, 8C: 7)
-- Teacher: 33b6ed21-c8bc-4a74-8af3-73e93829aff0

-- Use existing parent IDs from database for guardian relationships
-- Randomly assign existing parents to new students

-- ============================================================================
-- CLASS 6A (Homeroom) - 10 students (5 male, 5 female)
-- ============================================================================

-- Insert profiles for 6A students
INSERT INTO profiles (id, email, role, full_name, phone, status) VALUES
  ('a1010001-0000-0000-0000-000000000001', 'hs6a001@school.edu', 'student', 'Nguyễn Văn An', '0901001001', 'active'),
  ('a1010001-0000-0000-0000-000000000002', 'hs6a002@school.edu', 'student', 'Trần Thị Bình', '0901001002', 'active'),
  ('a1010001-0000-0000-0000-000000000003', 'hs6a003@school.edu', 'student', 'Lê Văn Cường', '0901001003', 'active'),
  ('a1010001-0000-0000-0000-000000000004', 'hs6a004@school.edu', 'student', 'Phạm Thị Dung', '0901001004', 'active'),
  ('a1010001-0000-0000-0000-000000000005', 'hs6a005@school.edu', 'student', 'Hoàng Văn Em', '0901001005', 'active'),
  ('a1010001-0000-0000-0000-000000000006', 'hs6a006@school.edu', 'student', 'Võ Thị Gái', '0901001006', 'active'),
  ('a1010001-0000-0000-0000-000000000007', 'hs6a007@school.edu', 'student', 'Ngô Văn Hùng', '0901001007', 'active'),
  ('a1010001-0000-0000-0000-000000000008', 'hs6a008@school.edu', 'student', 'Đặng Thị Lan', '0901001008', 'active'),
  ('a1010001-0000-0000-0000-000000000009', 'hs6a009@school.edu', 'student', 'Dương Văn Minh', '0901001009', 'active'),
  ('a1010001-0000-0000-0000-000000000010', 'hs6a010@school.edu', 'student', 'Bùi Thị Ngọc', '0901001010', 'active');

-- Insert student records for 6A (student_code auto-generated)
INSERT INTO students (id, date_of_birth, gender) VALUES
  ('a1010001-0000-0000-0000-000000000001', '2012-03-15', 'male'),
  ('a1010001-0000-0000-0000-000000000002', '2012-05-20', 'female'),
  ('a1010001-0000-0000-0000-000000000003', '2012-07-08', 'male'),
  ('a1010001-0000-0000-0000-000000000004', '2012-01-12', 'female'),
  ('a1010001-0000-0000-0000-000000000005', '2012-09-25', 'male'),
  ('a1010001-0000-0000-0000-000000000006', '2012-11-30', 'female'),
  ('a1010001-0000-0000-0000-000000000007', '2012-04-18', 'male'),
  ('a1010001-0000-0000-0000-000000000008', '2012-06-22', 'female'),
  ('a1010001-0000-0000-0000-000000000009', '2012-08-14', 'male'),
  ('a1010001-0000-0000-0000-000000000010', '2012-02-10', 'female');

-- Enroll 6A students
INSERT INTO enrollments (student_id, class_id, academic_year, status) VALUES
  ('a1010001-0000-0000-0000-000000000001', '6A', '2024-2025', 'active'),
  ('a1010001-0000-0000-0000-000000000002', '6A', '2024-2025', 'active'),
  ('a1010001-0000-0000-0000-000000000003', '6A', '2024-2025', 'active'),
  ('a1010001-0000-0000-0000-000000000004', '6A', '2024-2025', 'active'),
  ('a1010001-0000-0000-0000-000000000005', '6A', '2024-2025', 'active'),
  ('a1010001-0000-0000-0000-000000000006', '6A', '2024-2025', 'active'),
  ('a1010001-0000-0000-0000-000000000007', '6A', '2024-2025', 'active'),
  ('a1010001-0000-0000-0000-000000000008', '6A', '2024-2025', 'active'),
  ('a1010001-0000-0000-0000-000000000009', '6A', '2024-2025', 'active'),
  ('a1010001-0000-0000-0000-000000000010', '6A', '2024-2025', 'active');

-- ============================================================================
-- CLASS 7B - 8 students (4 male, 4 female)
-- ============================================================================

INSERT INTO profiles (id, email, role, full_name, phone, status) VALUES
  ('a1010001-0000-0000-0000-000000000011', 'hs7b001@school.edu', 'student', 'Vũ Văn Phúc', '0901002011', 'active'),
  ('a1010001-0000-0000-0000-000000000012', 'hs7b002@school.edu', 'student', 'Phan Thị Quỳnh', '0901002012', 'active'),
  ('a1010001-0000-0000-0000-000000000013', 'hs7b003@school.edu', 'student', 'Lý Văn Sang', '0901002013', 'active'),
  ('a1010001-0000-0000-0000-000000000014', 'hs7b004@school.edu', 'student', 'Chu Thị Thảo', '0901002014', 'active'),
  ('a1010001-0000-0000-0000-000000000015', 'hs7b005@school.edu', 'student', 'Trịnh Văn Tùng', '0901002015', 'active'),
  ('a1010001-0000-0000-0000-000000000016', 'hs7b006@school.edu', 'student', 'Kim Thị Uyên', '0901002016', 'active'),
  ('a1010001-0000-0000-0000-000000000017', 'hs7b007@school.edu', 'student', 'Đoàn Văn Vinh', '0901002017', 'active'),
  ('a1010001-0000-0000-0000-000000000018', 'hs7b008@school.edu', 'student', 'Lâm Thị Xuân', '0901002018', 'active');

INSERT INTO students (id, date_of_birth, gender) VALUES
  ('a1010001-0000-0000-0000-000000000011', '2011-05-12', 'male'),
  ('a1010001-0000-0000-0000-000000000012', '2011-08-23', 'female'),
  ('a1010001-0000-0000-0000-000000000013', '2011-02-17', 'male'),
  ('a1010001-0000-0000-0000-000000000014', '2011-10-05', 'female'),
  ('a1010001-0000-0000-0000-000000000015', '2011-06-30', 'male'),
  ('a1010001-0000-0000-0000-000000000016', '2011-12-14', 'female'),
  ('a1010001-0000-0000-0000-000000000017', '2011-04-08', 'male'),
  ('a1010001-0000-0000-0000-000000000018', '2011-09-19', 'female');

INSERT INTO enrollments (student_id, class_id, academic_year, status) VALUES
  ('a1010001-0000-0000-0000-000000000011', '7B', '2024-2025', 'active'),
  ('a1010001-0000-0000-0000-000000000012', '7B', '2024-2025', 'active'),
  ('a1010001-0000-0000-0000-000000000013', '7B', '2024-2025', 'active'),
  ('a1010001-0000-0000-0000-000000000014', '7B', '2024-2025', 'active'),
  ('a1010001-0000-0000-0000-000000000015', '7B', '2024-2025', 'active'),
  ('a1010001-0000-0000-0000-000000000016', '7B', '2024-2025', 'active'),
  ('a1010001-0000-0000-0000-000000000017', '7B', '2024-2025', 'active'),
  ('a1010001-0000-0000-0000-000000000018', '7B', '2024-2025', 'active');

-- ============================================================================
-- CLASS 8C - 7 students (3 male, 4 female)
-- ============================================================================

INSERT INTO profiles (id, email, role, full_name, phone, status) VALUES
  ('a1010001-0000-0000-0000-000000000019', 'hs8c001@school.edu', 'student', 'Đinh Văn Dương', '0901003019', 'active'),
  ('a1010001-0000-0000-0000-000000000020', 'hs8c002@school.edu', 'student', 'Giang Thị Hà', '0901003020', 'active'),
  ('a1010001-0000-0000-0000-000000000021', 'hs8c003@school.edu', 'student', 'Yên Văn Hoàng', '0901003021', 'active'),
  ('a1010001-0000-0000-0000-000000000022', 'hs8c004@school.edu', 'student', 'Kiều Thị Iris', '0901003022', 'active'),
  ('a1010001-0000-0000-0000-000000000023', 'hs8c005@school.edu', 'student', 'La Văn Khôi', '0901003023', 'active'),
  ('a1010001-0000-0000-0000-000000000024', 'hs8c006@school.edu', 'student', 'Mai Thị Lan', '0901003024', 'active'),
  ('a1010001-0000-0000-0000-000000000025', 'hs8c007@school.edu', 'student', 'Mạc Thị Mai', '0901003025', 'active');

INSERT INTO students (id, date_of_birth, gender) VALUES
  ('a1010001-0000-0000-0000-000000000019', '2010-07-22', 'male'),
  ('a1010001-0000-0000-0000-000000000020', '2010-11-15', 'female'),
  ('a1010001-0000-0000-0000-000000000021', '2010-03-28', 'male'),
  ('a1010001-0000-0000-0000-000000000022', '2010-06-09', 'female'),
  ('a1010001-0000-0000-0000-000000000023', '2010-09-17', 'male'),
  ('a1010001-0000-0000-0000-000000000024', '2010-01-31', 'female'),
  ('a1010001-0000-0000-0000-000000000025', '2010-05-13', 'female');

INSERT INTO enrollments (student_id, class_id, academic_year, status) VALUES
  ('a1010001-0000-0000-0000-000000000019', '8C', '2024-2025', 'active'),
  ('a1010001-0000-0000-0000-000000000020', '8C', '2024-2025', 'active'),
  ('a1010001-0000-0000-0000-000000000021', '8C', '2024-2025', 'active'),
  ('a1010001-0000-0000-0000-000000000022', '8C', '2024-2025', 'active'),
  ('a1010001-0000-0000-0000-000000000023', '8C', '2024-2025', 'active'),
  ('a1010001-0000-0000-0000-000000000024', '8C', '2024-2025', 'active'),
  ('a1010001-0000-0000-0000-000000000025', '8C', '2024-2025', 'active');

-- ============================================================================
-- LINK GUARDIANS
-- Use existing parents from database (randomly assigned)
-- ============================================================================

-- Get existing parent IDs to use as guardians
-- For simplicity, using existing test parent + cycling through some existing parents
-- Parent 61363a34-b945-4951-ae70-6109d47f3a75 is the test parent (catus2k4@gmail.com)

INSERT INTO student_guardians (student_id, guardian_id, is_primary) VALUES
  -- 6A students
  ('a1010001-0000-0000-0000-000000000001', '003e7a7a-cb6a-4950-a367-4054b00563c9', true),
  ('a1010001-0000-0000-0000-000000000002', '00a9cf9c-07d2-411b-b305-5f37e88b3316', true),
  ('a1010001-0000-0000-0000-000000000003', '011039b0-1065-45e6-9228-c31d420fa020', true),
  ('a1010001-0000-0000-0000-000000000004', '015d2b63-a09a-424c-be7b-03e0e0598bc9', true),
  ('a1010001-0000-0000-0000-000000000005', '01e84050-6efc-4353-bd77-66dba24e1575', true),
  ('a1010001-0000-0000-0000-000000000006', '0241ba34-491e-4e58-905c-2cbac7309953', true),
  ('a1010001-0000-0000-0000-000000000007', '02a09d4e-cf4d-4de1-93de-2c4a53a21258', true),
  ('a1010001-0000-0000-0000-000000000008', '02b7f352-4bc4-4c36-9270-728619a62592', true),
  ('a1010001-0000-0000-0000-000000000009', '02efb3f2-de61-4e3d-858a-f4709d40feec', true),
  ('a1010001-0000-0000-0000-000000000010', '03ce768d-4c42-4e05-b2c3-de6a149086f9', true),
  -- 7B students
  ('a1010001-0000-0000-0000-000000000011', '61363a34-b945-4951-ae70-6109d47f3a75', true),
  ('a1010001-0000-0000-0000-000000000012', '003e7a7a-cb6a-4950-a367-4054b00563c9', true),
  ('a1010001-0000-0000-0000-000000000013', '00a9cf9c-07d2-411b-b305-5f37e88b3316', true),
  ('a1010001-0000-0000-0000-000000000014', '011039b0-1065-45e6-9228-c31d420fa020', true),
  ('a1010001-0000-0000-0000-000000000015', '015d2b63-a09a-424c-be7b-03e0e0598bc9', true),
  ('a1010001-0000-0000-0000-000000000016', '01e84050-6efc-4353-bd77-66dba24e1575', true),
  ('a1010001-0000-0000-0000-000000000017', '0241ba34-491e-4e58-905c-2cbac7309953', true),
  ('a1010001-0000-0000-0000-000000000018', '02a09d4e-cf4d-4de1-93de-2c4a53a21258', true),
  -- 8C students
  ('a1010001-0000-0000-0000-000000000019', '61363a34-b945-4951-ae70-6109d47f3a75', true),
  ('a1010001-0000-0000-0000-000000000020', '02b7f352-4bc4-4c36-9270-728619a62592', true),
  ('a1010001-0000-0000-0000-000000000021', '02efb3f2-de61-4e3d-858a-f4709d40feec', true),
  ('a1010001-0000-0000-0000-000000000022', '03ce768d-4c42-4e05-b2c3-de6a149086f9', true),
  ('a1010001-0000-0000-0000-000000000023', '003e7a7a-cb6a-4950-a367-4054b00563c9', true),
  ('a1010001-0000-0000-0000-000000000024', '00a9cf9c-07d2-411b-b305-5f37e88b3316', true),
  ('a1010001-0000-0000-0000-000000000025', '011039b0-1065-45e6-9228-c31d420fa020', true);

-- ============================================================================
-- UPDATE CLASS STUDENT COUNTS
-- ============================================================================

UPDATE classes SET current_students = 10 WHERE id = '6A';
UPDATE classes SET current_students = 8 WHERE id = '7B';
UPDATE classes SET current_students = 7 WHERE id = '8C';
